USE transform_db;

-- For customer table

INSERT INTO CUSTOMER (CustomerID, Name, PAN) VALUES ('CN00000001', 'John Doe', 'ABCDE1234F');
INSERT INTO CUSTOMER (CustomerID, Name, PAN) VALUES ('CN00000002', 'Jane Smith', 'FGHIJ5678K');
INSERT INTO CUSTOMER (CustomerID, Name, PAN) VALUES ('CN00000003', 'Alice Brown', 'JKLMN9012P');
INSERT INTO CUSTOMER (CustomerID, Name, PAN) VALUES ('CN00000004', 'David Miller', 'OPQRS3456T');
INSERT INTO CUSTOMER (CustomerID, Name, PAN) VALUES ('CN00000005', 'Michael Johnson', 'UVWXZ7890A');
INSERT INTO CUSTOMER (CustomerID, Name, PAN) VALUES ('CN00000006', 'Emma Wilson', 'BCDEF1234G');
INSERT INTO CUSTOMER (CustomerID, Name, PAN) VALUES ('CN00000007', 'Olivia Garcia', 'HIJKL5678M');
INSERT INTO CUSTOMER (CustomerID, Name, PAN) VALUES ('CN00000008', 'James Martinez', 'NOPQR1234S');
INSERT INTO CUSTOMER (CustomerID, Name, PAN) VALUES ('CN00000009', 'Sophia Anderson', 'TUWXY5678B');
INSERT INTO CUSTOMER (CustomerID, Name, PAN) VALUES ('CN00000010', 'Daniel Thomas', 'VWXYZ6789C');
INSERT INTO CUSTOMER (CustomerID, Name, PAN) VALUES ('CN00000011', 'Ava Harris', 'ABCDE9876D');
INSERT INTO CUSTOMER (CustomerID, Name, PAN) VALUES ('CN00000012', 'Isabella Clark', 'FGHIJ6543E');
INSERT INTO CUSTOMER (CustomerID, Name, PAN) VALUES ('CN00000013', 'Benjamin Lewis', 'JKLMN4321F');
INSERT INTO CUSTOMER (CustomerID, Name, PAN) VALUES ('CN00000014', 'Charlotte Robinson', 'OPQRS2109G');
INSERT INTO CUSTOMER (CustomerID, Name, PAN) VALUES ('CN00000015', 'Amelia Walker', 'TUVWX1098H');
INSERT INTO CUSTOMER (CustomerID, Name, PAN) VALUES ('CN00000016', 'Mason Young', 'ZABCD5432I');
INSERT INTO CUSTOMER (CustomerID, Name, PAN) VALUES ('CN00000017', 'Ethan Hall', 'EFGHI8765J');
INSERT INTO CUSTOMER (CustomerID, Name, PAN) VALUES ('CN00000018', 'Logan Allen', 'JKLMN3456K');
INSERT INTO CUSTOMER (CustomerID, Name, PAN) VALUES ('CN00000019', 'Lucas King', 'OPQRS6543L');
INSERT INTO CUSTOMER (CustomerID, Name, PAN) VALUES ('CN00000020', 'Noah Scott', 'TUVWX6789M');
INSERT INTO CUSTOMER (CustomerID, Name, PAN) VALUES ('CN00000021', 'Mia Adams', 'ZABCD9876N');
INSERT INTO CUSTOMER (CustomerID, Name, PAN) VALUES ('CN00000022', 'Ella Nelson', 'EFGHI7654O');
INSERT INTO CUSTOMER (CustomerID, Name, PAN) VALUES ('CN00000023', 'Chloe Carter', 'JKLMN5432P');
INSERT INTO CUSTOMER (CustomerID, Name, PAN) VALUES ('CN00000024', 'Harper Perez', 'OPQRS3210Q');
INSERT INTO CUSTOMER (CustomerID, Name, PAN) VALUES ('CN00000025', 'Jackson Collins', 'TUVWX1098R');
INSERT INTO CUSTOMER (CustomerID, Name, PAN) VALUES ('CN00000026', 'Grace Diaz', 'ZABCD8765S');
INSERT INTO CUSTOMER (CustomerID, Name, PAN) VALUES ('CN00000027', 'Samuel Sanchez', 'EFGHI4321T');
INSERT INTO CUSTOMER (CustomerID, Name, PAN) VALUES ('CN00000028', 'Liam Ramirez', 'JKLMN9876U');
INSERT INTO CUSTOMER (CustomerID, Name, PAN) VALUES ('CN00000029', 'Olivia Reed', 'OPQRS5432V');
INSERT INTO CUSTOMER (CustomerID, Name, PAN) VALUES ('CN00000030', 'Sophia Cook', 'TUVWX7654W');
INSERT INTO CUSTOMER (CustomerID, Name, PAN) VALUES ('CN00000031', 'Aiden Morgan', 'ZABCD1234X');
INSERT INTO CUSTOMER (CustomerID, Name, PAN) VALUES ('CN00000032', 'Daniel Lee', 'EFGHI8765Y');
INSERT INTO CUSTOMER (CustomerID, Name, PAN) VALUES ('CN00000033', 'Evelyn Stewart', 'JKLMN4321Z');
INSERT INTO CUSTOMER (CustomerID, Name, PAN) VALUES ('CN00000034', 'Lily Turner', 'OPQRS3210A');
INSERT INTO CUSTOMER (CustomerID, Name, PAN) VALUES ('CN00000035', 'Gabriel Ross', 'TUVWX5432B');
INSERT INTO CUSTOMER (CustomerID, Name, PAN) VALUES ('CN00000036', 'Madison Cooper', 'ZABCD6789C');
INSERT INTO CUSTOMER (CustomerID, Name, PAN) VALUES ('CN00000037', 'Sebastian Bailey', 'EFGHI9876D');
INSERT INTO CUSTOMER (CustomerID, Name, PAN) VALUES ('CN00000038', 'Zoe Campbell', 'JKLMN7654E');
INSERT INTO CUSTOMER (CustomerID, Name, PAN) VALUES ('CN00000039', 'Levi Brooks', 'OPQRS5432F');
INSERT INTO CUSTOMER (CustomerID, Name, PAN) VALUES ('CN00000040', 'Ryan Rivera', 'TUVWX4321G');
INSERT INTO CUSTOMER (CustomerID, Name, PAN) VALUES ('CN00000041', 'Addison Barnes', 'ZABCD9876H');
INSERT INTO CUSTOMER (CustomerID, Name, PAN) VALUES ('CN00000042', 'Lillian Powell', 'EFGHI3210I');
INSERT INTO CUSTOMER (CustomerID, Name, PAN) VALUES ('CN00000043', 'Natalie Long', 'JKLMN2109J');
INSERT INTO CUSTOMER (CustomerID, Name, PAN) VALUES ('CN00000044', 'Henry Richardson', 'OPQRS7654K');
INSERT INTO CUSTOMER (CustomerID, Name, PAN) VALUES ('CN00000045', 'Victoria Cox', 'TUVWX8765L');
INSERT INTO CUSTOMER (CustomerID, Name, PAN) VALUES ('CN00000046', 'Scarlett Howard', 'ZABCD5432M');
INSERT INTO CUSTOMER (CustomerID, Name, PAN) VALUES ('CN00000047', 'Hannah Ward', 'EFGHI6789N');
INSERT INTO CUSTOMER (CustomerID, Name, PAN) VALUES ('CN00000048', 'Jayden Foster', 'JKLMN9876O');
INSERT INTO CUSTOMER (CustomerID, Name, PAN) VALUES ('CN00000049', 'Joseph Peterson', 'OPQRS1234P');
INSERT INTO CUSTOMER (CustomerID, Name, PAN) VALUES ('CN00000050', 'Eleanor Price', 'TUVWX6543Q');
INSERT INTO CUSTOMER (CustomerID, Name, PAN) VALUES ('CN00000051', 'Hunter Barnes', 'ABCDE1234R');
INSERT INTO CUSTOMER (CustomerID, Name, PAN) VALUES ('CN00000052', 'Penelope Jenkins', 'FGHIJ5678S');
INSERT INTO CUSTOMER (CustomerID, Name, PAN) VALUES ('CN00000053', 'Aria Bailey', 'JKLMN9012T');
INSERT INTO CUSTOMER (CustomerID, Name, PAN) VALUES ('CN00000054', 'Eleanor Russell', 'OPQRS3456U');
INSERT INTO CUSTOMER (CustomerID, Name, PAN) VALUES ('CN00000055', 'Zoey Henderson', 'UVWXZ7890V');
INSERT INTO CUSTOMER (CustomerID, Name, PAN) VALUES ('CN00000056', 'Sofia Murphy', 'BCDEF1234W');
INSERT INTO CUSTOMER (CustomerID, Name, PAN) VALUES ('CN00000057', 'Isla Cooper', 'HIJKL5678X');
INSERT INTO CUSTOMER (CustomerID, Name, PAN) VALUES ('CN00000058', 'Grace Cox', 'NOPQR1234Y');
INSERT INTO CUSTOMER (CustomerID, Name, PAN) VALUES ('CN00000059', 'Evelyn Ward', 'TUWXY5678Z');
INSERT INTO CUSTOMER (CustomerID, Name, PAN) VALUES ('CN00000060', 'Aurora Mitchell', 'VWXYZ6789A');
INSERT INTO CUSTOMER (CustomerID, Name, PAN) VALUES ('CN00000061', 'Riley Butler', 'ABCDE9876B');
INSERT INTO CUSTOMER (CustomerID, Name, PAN) VALUES ('CN00000062', 'Harper Brooks', 'FGHIJ6543C');
INSERT INTO CUSTOMER (CustomerID, Name, PAN) VALUES ('CN00000063', 'Ivy Nelson', 'JKLMN4321D');
INSERT INTO CUSTOMER (CustomerID, Name, PAN) VALUES ('CN00000064', 'Luna Sanders', 'OPQRS2109E');
INSERT INTO CUSTOMER (CustomerID, Name, PAN) VALUES ('CN00000065', 'Skylar Ross', 'TUVWX1098F');
INSERT INTO CUSTOMER (CustomerID, Name, PAN) VALUES ('CN00000066', 'Lila Foster', 'ZABCD5432G');
INSERT INTO CUSTOMER (CustomerID, Name, PAN) VALUES ('CN00000067', 'Sadie Powell', 'EFGHI8765H');
INSERT INTO CUSTOMER (CustomerID, Name, PAN) VALUES ('CN00000068', 'Ellie Patterson', 'JKLMN3456I');
INSERT INTO CUSTOMER (CustomerID, Name, PAN) VALUES ('CN00000069', 'Nora Sanchez', 'OPQRS6543J');
INSERT INTO CUSTOMER (CustomerID, Name, PAN) VALUES ('CN00000070', 'Lucy Ward', 'TUVWX6789K');
INSERT INTO CUSTOMER (CustomerID, Name, PAN) VALUES ('CN00000071', 'Hazel Collins', 'ZABCD9876L');
INSERT INTO CUSTOMER (CustomerID, Name, PAN) VALUES ('CN00000072', 'Maya Turner', 'EFGHI7654M');
INSERT INTO CUSTOMER (CustomerID, Name, PAN) VALUES ('CN00000073', 'Nova Bailey', 'JKLMN5432N');
INSERT INTO CUSTOMER (CustomerID, Name, PAN) VALUES ('CN00000074', 'Delilah Parker', 'OPQRS3210O');
INSERT INTO CUSTOMER (CustomerID, Name, PAN) VALUES ('CN00000075', 'Leah Rivera', 'TUVWX1098P');
INSERT INTO CUSTOMER (CustomerID, Name, PAN) VALUES ('CN00000076', 'Lilly Peterson', 'ZABCD8765Q');
INSERT INTO CUSTOMER (CustomerID, Name, PAN) VALUES ('CN00000077', 'Genesis Lewis', 'EFGHI4321R');
INSERT INTO CUSTOMER (CustomerID, Name, PAN) VALUES ('CN00000078', 'Willow James', 'JKLMN9876S');
INSERT INTO CUSTOMER (CustomerID, Name, PAN) VALUES ('CN00000079', 'Paisley Brooks', 'OPQRS5432T');
INSERT INTO CUSTOMER (CustomerID, Name, PAN) VALUES ('CN00000080', 'Brielle Adams', 'TUVWX7654U');
INSERT INTO CUSTOMER (CustomerID, Name, PAN) VALUES ('CN00000081', 'Nevaeh Mitchell', 'ZABCD1234V');
INSERT INTO CUSTOMER (CustomerID, Name, PAN) VALUES ('CN00000082', 'Ruby Clark', 'EFGHI8765W');
INSERT INTO CUSTOMER (CustomerID, Name, PAN) VALUES ('CN00000083', 'Serenity Jenkins', 'JKLMN4321X');
INSERT INTO CUSTOMER (CustomerID, Name, PAN) VALUES ('CN00000084', 'Anna Bailey', 'OPQRS3210Y');
INSERT INTO CUSTOMER (CustomerID, Name, PAN) VALUES ('CN00000085', 'Kinsley White', 'TUVWX5432Z');
INSERT INTO CUSTOMER (CustomerID, Name, PAN) VALUES ('CN00000086', 'Reagan Lewis', 'ZABCD6789A');
INSERT INTO CUSTOMER (CustomerID, Name, PAN) VALUES ('CN00000087', 'Eliza Lee', 'EFGHI9876B');
INSERT INTO CUSTOMER (CustomerID, Name, PAN) VALUES ('CN00000088', 'Lillian Clark', 'JKLMN7654C');
INSERT INTO CUSTOMER (CustomerID, Name, PAN) VALUES ('CN00000089', 'Vivian Hall', 'OPQRS5432D');
INSERT INTO CUSTOMER (CustomerID, Name, PAN) VALUES ('CN00000090', 'Faith Morgan', 'TUVWX4321E');
INSERT INTO CUSTOMER (CustomerID, Name, PAN) VALUES ('CN00000091', 'Hazel Green', 'ZABCD9876F');
INSERT INTO CUSTOMER (CustomerID, Name, PAN) VALUES ('CN00000092', 'Naomi Murphy', 'EFGHI3210G');
INSERT INTO CUSTOMER (CustomerID, Name, PAN) VALUES ('CN00000093', 'Sadie Scott', 'JKLMN2109H');
INSERT INTO CUSTOMER (CustomerID, Name, PAN) VALUES ('CN00000094', 'Lyla Bell', 'OPQRS7654I');
INSERT INTO CUSTOMER (CustomerID, Name, PAN) VALUES ('CN00000095', 'Piper Brooks', 'TUVWX8765J');
INSERT INTO CUSTOMER (CustomerID, Name, PAN) VALUES ('CN00000096', 'Ivy Powell', 'ZABCD5432K');
INSERT INTO CUSTOMER (CustomerID, Name, PAN) VALUES ('CN00000097', 'Zara Young', 'EFGHI6789L');
INSERT INTO CUSTOMER (CustomerID, Name, PAN) VALUES ('CN00000098', 'Fiona Jenkins', 'JKLMN9876M');
INSERT INTO CUSTOMER (CustomerID, Name, PAN) VALUES ('CN00000099', 'Tessa White', 'OPQRS1234N');
INSERT INTO CUSTOMER (CustomerID, Name, PAN) VALUES ('CN00000100', 'Ella Turner', 'TUVWX6543O');

-- For product table

INSERT INTO PRODUCT (ProductName, Description, AnnualSubscriptionCost) VALUES ('Product1', 'Comprehensive cloud storage solution.', 49.99);
INSERT INTO PRODUCT (ProductName, Description, AnnualSubscriptionCost) VALUES ('Product2', 'Premium video editing software.', 199.99);
INSERT INTO PRODUCT (ProductName, Description, AnnualSubscriptionCost) VALUES ('Product3', 'Advanced photo editing tool.', 99.99);
INSERT INTO PRODUCT (ProductName, Description, AnnualSubscriptionCost) VALUES ('Product4', 'AI-based marketing platform.', 299.99);
INSERT INTO PRODUCT (ProductName, Description, AnnualSubscriptionCost) VALUES ('Product5', 'Data analytics and visualization suite.', 149.99);
INSERT INTO PRODUCT (ProductName, Description, AnnualSubscriptionCost) VALUES ('Product6', 'Project management tool.', 89.99);
INSERT INTO PRODUCT (ProductName, Description, AnnualSubscriptionCost) VALUES ('Product7', 'Cybersecurity protection software.', 129.99);
INSERT INTO PRODUCT (ProductName, Description, AnnualSubscriptionCost) VALUES ('Product8', 'E-learning platform for developers.', 79.99);
INSERT INTO PRODUCT (ProductName, Description, AnnualSubscriptionCost) VALUES ('Product9', 'Customer relationship management software.', 249.99);
INSERT INTO PRODUCT (ProductName, Description, AnnualSubscriptionCost) VALUES ('Product10', 'Cloud-based accounting tool.', 59.99);
INSERT INTO PRODUCT (ProductName, Description, AnnualSubscriptionCost) VALUES ('Product11', 'Fitness tracking and analysis tool.', 39.99);
INSERT INTO PRODUCT (ProductName, Description, AnnualSubscriptionCost) VALUES ('Product12', 'Online survey platform.', 69.99);
INSERT INTO PRODUCT (ProductName, Description, AnnualSubscriptionCost) VALUES ('Product13', 'Digital signature platform.', 109.99);
INSERT INTO PRODUCT (ProductName, Description, AnnualSubscriptionCost) VALUES ('Product14', 'Cloud-based video conferencing tool.', 199.99);
INSERT INTO PRODUCT (ProductName, Description, AnnualSubscriptionCost) VALUES ('Product15', 'AI-powered SEO optimization tool.', 129.99);
INSERT INTO PRODUCT (ProductName, Description, AnnualSubscriptionCost) VALUES ('Product16', 'Enterprise collaboration software.', 299.99);
INSERT INTO PRODUCT (ProductName, Description, AnnualSubscriptionCost) VALUES ('Product17', 'Social media management platform.', 179.99);
INSERT INTO PRODUCT (ProductName, Description, AnnualSubscriptionCost) VALUES ('Product18', 'E-commerce website builder.', 99.99);
INSERT INTO PRODUCT (ProductName, Description, AnnualSubscriptionCost) VALUES ('Product19', 'Task automation and workflow tool.', 89.99);
INSERT INTO PRODUCT (ProductName, Description, AnnualSubscriptionCost) VALUES ('Product20', 'Online coding bootcamp.', 249.99);
INSERT INTO PRODUCT (ProductName, Description, AnnualSubscriptionCost) VALUES ('Product21', 'Language learning platform.', 69.99);
INSERT INTO PRODUCT (ProductName, Description, AnnualSubscriptionCost) VALUES ('Product22', 'AI-based chatbot service.', 159.99);
INSERT INTO PRODUCT (ProductName, Description, AnnualSubscriptionCost) VALUES ('Product23', 'Virtual reality design tool.', 399.99);
INSERT INTO PRODUCT (ProductName, Description, AnnualSubscriptionCost) VALUES ('Product24', 'Web hosting service.', 49.99);
INSERT INTO PRODUCT (ProductName, Description, AnnualSubscriptionCost) VALUES ('Product25', 'Digital marketing analytics.', 199.99);
INSERT INTO PRODUCT (ProductName, Description, AnnualSubscriptionCost) VALUES ('Product26', 'Health and wellness platform.', 79.99);
INSERT INTO PRODUCT (ProductName, Description, AnnualSubscriptionCost) VALUES ('Product27', 'Stock trading analysis tool.', 299.99);
INSERT INTO PRODUCT (ProductName, Description, AnnualSubscriptionCost) VALUES ('Product28', 'Legal document generation tool.', 109.99);
INSERT INTO PRODUCT (ProductName, Description, AnnualSubscriptionCost) VALUES ('Product29', 'Real-time translation service.', 119.99);
INSERT INTO PRODUCT (ProductName, Description, AnnualSubscriptionCost) VALUES ('Product30', 'Event management software.', 149.99);
INSERT INTO PRODUCT (ProductName, Description, AnnualSubscriptionCost) VALUES ('Product31', 'Podcast hosting platform.', 39.99);
INSERT INTO PRODUCT (ProductName, Description, AnnualSubscriptionCost) VALUES ('Product32', 'AI-powered transcription tool.', 59.99);
INSERT INTO PRODUCT (ProductName, Description, AnnualSubscriptionCost) VALUES ('Product33', 'Remote desktop software.', 129.99);
INSERT INTO PRODUCT (ProductName, Description, AnnualSubscriptionCost) VALUES ('Product34', 'Virtual team-building platform.', 49.99);
INSERT INTO PRODUCT (ProductName, Description, AnnualSubscriptionCost) VALUES ('Product35', 'Subscription billing management.', 99.99);
INSERT INTO PRODUCT (ProductName, Description, AnnualSubscriptionCost) VALUES ('Product36', 'AI-driven coding assistant.', 199.99);
INSERT INTO PRODUCT (ProductName, Description, AnnualSubscriptionCost) VALUES ('Product37', 'Inventory management system.', 139.99);
INSERT INTO PRODUCT (ProductName, Description, AnnualSubscriptionCost) VALUES ('Product38', 'Blockchain development platform.', 399.99);
INSERT INTO PRODUCT (ProductName, Description, AnnualSubscriptionCost) VALUES ('Product39', 'Video game development suite.', 249.99);
INSERT INTO PRODUCT (ProductName, Description, AnnualSubscriptionCost) VALUES ('Product40', 'Virtual fitness coaching app.', 59.99);
INSERT INTO PRODUCT (ProductName, Description, AnnualSubscriptionCost) VALUES ('Product41', 'Online legal consultations.', 89.99);
INSERT INTO PRODUCT (ProductName, Description, AnnualSubscriptionCost) VALUES ('Product42', '3D modeling software.', 199.99);
INSERT INTO PRODUCT (ProductName, Description, AnnualSubscriptionCost) VALUES ('Product43', 'Voice-over recording tool.', 79.99);
INSERT INTO PRODUCT (ProductName, Description, AnnualSubscriptionCost) VALUES ('Product44', 'HR management system.', 299.99);
INSERT INTO PRODUCT (ProductName, Description, AnnualSubscriptionCost) VALUES ('Product45', 'Online tax filing software.', 109.99);
INSERT INTO PRODUCT (ProductName, Description, AnnualSubscriptionCost) VALUES ('Product46', 'Digital fundraising platform.', 139.99);
INSERT INTO PRODUCT (ProductName, Description, AnnualSubscriptionCost) VALUES ('Product47', 'AI-based plagiarism checker.', 89.99);
INSERT INTO PRODUCT (ProductName, Description, AnnualSubscriptionCost) VALUES ('Product48', 'Online portfolio builder.', 49.99);
INSERT INTO PRODUCT (ProductName, Description, AnnualSubscriptionCost) VALUES ('Product49', 'Virtual career coaching.', 69.99);
INSERT INTO PRODUCT (ProductName, Description, AnnualSubscriptionCost) VALUES ('Product50', 'AI-powered language translator.', 159.99);
INSERT INTO PRODUCT (ProductName, Description, AnnualSubscriptionCost) VALUES ('Product51', 'Cloud-based ERP system.', 499.99);
INSERT INTO PRODUCT (ProductName, Description, AnnualSubscriptionCost) VALUES ('Product52', 'Digital whiteboard collaboration tool.', 79.99);
INSERT INTO PRODUCT (ProductName, Description, AnnualSubscriptionCost) VALUES ('Product53', 'AI-driven financial advisory platform.', 299.99);
INSERT INTO PRODUCT (ProductName, Description, AnnualSubscriptionCost) VALUES ('Product54', 'Customer support ticketing system.', 119.99);
INSERT INTO PRODUCT (ProductName, Description, AnnualSubscriptionCost) VALUES ('Product55', 'Personal budgeting app.', 39.99);
INSERT INTO PRODUCT (ProductName, Description, AnnualSubscriptionCost) VALUES ('Product56', 'Time tracking and invoicing software.', 69.99);
INSERT INTO PRODUCT (ProductName, Description, AnnualSubscriptionCost) VALUES ('Product57', 'Document scanning and storage solution.', 99.99);
INSERT INTO PRODUCT (ProductName, Description, AnnualSubscriptionCost) VALUES ('Product58', 'Freelance job marketplace.', 59.99);
INSERT INTO PRODUCT (ProductName, Description, AnnualSubscriptionCost) VALUES ('Product59', 'AI-powered writing assistant.', 49.99);
INSERT INTO PRODUCT (ProductName, Description, AnnualSubscriptionCost) VALUES ('Product60', 'Cloud gaming platform.', 199.99);
INSERT INTO PRODUCT (ProductName, Description, AnnualSubscriptionCost) VALUES ('Product61', 'Online course creation tool.', 89.99);
INSERT INTO PRODUCT (ProductName, Description, AnnualSubscriptionCost) VALUES ('Product62', 'Virtual museum tours.', 29.99);
INSERT INTO PRODUCT (ProductName, Description, AnnualSubscriptionCost) VALUES ('Product63', 'Blockchain-based identity management.', 399.99);
INSERT INTO PRODUCT (ProductName, Description, AnnualSubscriptionCost) VALUES ('Product64', 'Pet care and monitoring app.', 69.99);
INSERT INTO PRODUCT (ProductName, Description, AnnualSubscriptionCost) VALUES ('Product65', 'Smart home automation software.', 149.99);
INSERT INTO PRODUCT (ProductName, Description, AnnualSubscriptionCost) VALUES ('Product66', 'Language translation API.', 119.99);
INSERT INTO PRODUCT (ProductName, Description, AnnualSubscriptionCost) VALUES ('Product67', 'AI-driven job recommendation engine.', 99.99);
INSERT INTO PRODUCT (ProductName, Description, AnnualSubscriptionCost) VALUES ('Product68', 'Virtual event hosting platform.', 149.99);
INSERT INTO PRODUCT (ProductName, Description, AnnualSubscriptionCost) VALUES ('Product69', 'AI-powered resume builder.', 39.99);
INSERT INTO PRODUCT (ProductName, Description, AnnualSubscriptionCost) VALUES ('Product70', 'Digital comic book platform.', 29.99);
INSERT INTO PRODUCT (ProductName, Description, AnnualSubscriptionCost) VALUES ('Product71', 'Social impact crowdfunding platform.', 59.99);
INSERT INTO PRODUCT (ProductName, Description, AnnualSubscriptionCost) VALUES ('Product72', 'VR-based learning environment.', 299.99);
INSERT INTO PRODUCT (ProductName, Description, AnnualSubscriptionCost) VALUES ('Product73', 'Employee wellness program software.', 99.99);
INSERT INTO PRODUCT (ProductName, Description, AnnualSubscriptionCost) VALUES ('Product74', 'Music streaming and discovery service.', 79.99);
INSERT INTO PRODUCT (ProductName, Description, AnnualSubscriptionCost) VALUES ('Product75', 'AI-driven legal research tool.', 249.99);
INSERT INTO PRODUCT (ProductName, Description, AnnualSubscriptionCost) VALUES ('Product76', 'Cloud-based logistics platform.', 399.99);
INSERT INTO PRODUCT (ProductName, Description, AnnualSubscriptionCost) VALUES ('Product77', 'Mental health counseling app.', 89.99);
INSERT INTO PRODUCT (ProductName, Description, AnnualSubscriptionCost) VALUES ('Product78', 'Online gift card management.', 49.99);
INSERT INTO PRODUCT (ProductName, Description, AnnualSubscriptionCost) VALUES ('Product79', 'Video monetization platform.', 199.99);
INSERT INTO PRODUCT (ProductName, Description, AnnualSubscriptionCost) VALUES ('Product80', 'AI-based customer segmentation tool.', 159.99);
INSERT INTO PRODUCT (ProductName, Description, AnnualSubscriptionCost) VALUES ('Product81', 'Subscription box service platform.', 69.99);
INSERT INTO PRODUCT (ProductName, Description, AnnualSubscriptionCost) VALUES ('Product82', 'Cloud storage for creatives.', 109.99);
INSERT INTO PRODUCT (ProductName, Description, AnnualSubscriptionCost) VALUES ('Product83', 'Workout planning and tracking app.', 39.99);
INSERT INTO PRODUCT (ProductName, Description, AnnualSubscriptionCost) VALUES ('Product84', 'Virtual library management system.', 99.99);
INSERT INTO PRODUCT (ProductName, Description, AnnualSubscriptionCost) VALUES ('Product85', 'AI-powered meeting scheduler.', 49.99);
INSERT INTO PRODUCT (ProductName, Description, AnnualSubscriptionCost) VALUES ('Product86', 'Online quiz and assessment platform.', 59.99);
INSERT INTO PRODUCT (ProductName, Description, AnnualSubscriptionCost) VALUES ('Product87', 'Crypto portfolio management tool.', 249.99);
INSERT INTO PRODUCT (ProductName, Description, AnnualSubscriptionCost) VALUES ('Product88', 'Personalized skincare consultation.', 79.99);
INSERT INTO PRODUCT (ProductName, Description, AnnualSubscriptionCost) VALUES ('Product89', 'Cloud-based compliance management.', 299.99);
INSERT INTO PRODUCT (ProductName, Description, AnnualSubscriptionCost) VALUES ('Product90', 'Virtual internship platform.', 89.99);
INSERT INTO PRODUCT (ProductName, Description, AnnualSubscriptionCost) VALUES ('Product91', 'Online recipe collection tool.', 29.99);
INSERT INTO PRODUCT (ProductName, Description, AnnualSubscriptionCost) VALUES ('Product92', 'Digital magazine subscription service.', 39.99);
INSERT INTO PRODUCT (ProductName, Description, AnnualSubscriptionCost) VALUES ('Product93', 'Drone management software.', 159.99);
INSERT INTO PRODUCT (ProductName, Description, AnnualSubscriptionCost) VALUES ('Product94', 'AI-powered habit tracker.', 49.99);
INSERT INTO PRODUCT (ProductName, Description, AnnualSubscriptionCost) VALUES ('Product95', 'Voice-controlled home assistant.', 99.99);
INSERT INTO PRODUCT (ProductName, Description, AnnualSubscriptionCost) VALUES ('Product96', 'Language tutoring platform.', 149.99);
INSERT INTO PRODUCT (ProductName, Description, AnnualSubscriptionCost) VALUES ('Product97', 'Virtual art gallery.', 29.99);
INSERT INTO PRODUCT (ProductName, Description, AnnualSubscriptionCost) VALUES ('Product98', 'Online fashion design tool.', 129.99);
INSERT INTO PRODUCT (ProductName, Description, AnnualSubscriptionCost) VALUES ('Product99', 'AI-driven video summarizer.', 59.99);
INSERT INTO PRODUCT (ProductName, Description, AnnualSubscriptionCost) VALUES ('Product100', 'Digital property management software.', 399.99);

-- For subscription table

INSERT INTO SUBSCRIPTION (CustomerID, ProductName, SubscriptionStartDate, SubscriptionEndDate, NumberOfUsers) VALUES ('CN00000001', 'Product1', '2023-01-15', '2024-01-15', 7);
INSERT INTO SUBSCRIPTION (CustomerID, ProductName, SubscriptionStartDate, SubscriptionEndDate, NumberOfUsers) VALUES ('CN00000002', 'Product2', '2023-02-10', '2024-02-10', 5);
INSERT INTO SUBSCRIPTION (CustomerID, ProductName, SubscriptionStartDate, SubscriptionEndDate, NumberOfUsers) VALUES ('CN00000003', 'Product3', '2023-03-20', '2024-03-20', 8);
INSERT INTO SUBSCRIPTION (CustomerID, ProductName, SubscriptionStartDate, SubscriptionEndDate, NumberOfUsers) VALUES ('CN00000004', 'Product4', '2023-04-05', '2024-04-05', 6);
INSERT INTO SUBSCRIPTION (CustomerID, ProductName, SubscriptionStartDate, SubscriptionEndDate, NumberOfUsers) VALUES ('CN00000005', 'Product5', '2023-05-25', '2024-05-25', 4);
INSERT INTO SUBSCRIPTION (CustomerID, ProductName, SubscriptionStartDate, SubscriptionEndDate, NumberOfUsers) VALUES ('CN00000006', 'Product6', '2023-06-12', '2024-06-12', 9);
INSERT INTO SUBSCRIPTION (CustomerID, ProductName, SubscriptionStartDate, SubscriptionEndDate, NumberOfUsers) VALUES ('CN00000007', 'Product7', '2023-07-07', '2024-07-07', 11);
INSERT INTO SUBSCRIPTION (CustomerID, ProductName, SubscriptionStartDate, SubscriptionEndDate, NumberOfUsers) VALUES ('CN00000008', 'Product8', '2023-08-14', '2024-08-14', 3);
INSERT INTO SUBSCRIPTION (CustomerID, ProductName, SubscriptionStartDate, SubscriptionEndDate, NumberOfUsers) VALUES ('CN00000009', 'Product9', '2023-09-09', '2024-09-09', 5);
INSERT INTO SUBSCRIPTION (CustomerID, ProductName, SubscriptionStartDate, SubscriptionEndDate, NumberOfUsers) VALUES ('CN00000010', 'Product10', '2023-10-01', '2024-10-01', 10);
INSERT INTO SUBSCRIPTION (CustomerID, ProductName, SubscriptionStartDate, SubscriptionEndDate, NumberOfUsers) VALUES ('CN00000011', 'Product11', '2023-01-21', '2024-01-21', 8);
INSERT INTO SUBSCRIPTION (CustomerID, ProductName, SubscriptionStartDate, SubscriptionEndDate, NumberOfUsers) VALUES ('CN00000012', 'Product12', '2023-02-28', '2024-02-28', 2);
INSERT INTO SUBSCRIPTION (CustomerID, ProductName, SubscriptionStartDate, SubscriptionEndDate, NumberOfUsers) VALUES ('CN00000013', 'Product13', '2023-03-18', '2024-03-18', 6);
INSERT INTO SUBSCRIPTION (CustomerID, ProductName, SubscriptionStartDate, SubscriptionEndDate, NumberOfUsers) VALUES ('CN00000014', 'Product14', '2023-04-27', '2024-04-27', 9);
INSERT INTO SUBSCRIPTION (CustomerID, ProductName, SubscriptionStartDate, SubscriptionEndDate, NumberOfUsers) VALUES ('CN00000015', 'Product15', '2023-05-03', '2024-05-03', 7);
INSERT INTO SUBSCRIPTION (CustomerID, ProductName, SubscriptionStartDate, SubscriptionEndDate, NumberOfUsers) VALUES ('CN00000016', 'Product16', '2023-06-11', '2024-06-11', 4);
INSERT INTO SUBSCRIPTION (CustomerID, ProductName, SubscriptionStartDate, SubscriptionEndDate, NumberOfUsers) VALUES ('CN00000017', 'Product17', '2023-07-29', '2024-07-29', 12);
INSERT INTO SUBSCRIPTION (CustomerID, ProductName, SubscriptionStartDate, SubscriptionEndDate, NumberOfUsers) VALUES ('CN00000018', 'Product18', '2023-08-17', '2024-08-17', 15);
INSERT INTO SUBSCRIPTION (CustomerID, ProductName, SubscriptionStartDate, SubscriptionEndDate, NumberOfUsers) VALUES ('CN00000019', 'Product19', '2023-09-24', '2024-09-24', 5);
INSERT INTO SUBSCRIPTION (CustomerID, ProductName, SubscriptionStartDate, SubscriptionEndDate, NumberOfUsers) VALUES ('CN00000020', 'Product20', '2023-10-13', '2024-10-13', 14);
INSERT INTO SUBSCRIPTION (CustomerID, ProductName, SubscriptionStartDate, SubscriptionEndDate, NumberOfUsers) VALUES ('CN00000021', 'Product21', '2023-01-26', '2024-01-26', 8);
INSERT INTO SUBSCRIPTION (CustomerID, ProductName, SubscriptionStartDate, SubscriptionEndDate, NumberOfUsers) VALUES ('CN00000022', 'Product22', '2023-02-15', '2024-02-15', 9);
INSERT INTO SUBSCRIPTION (CustomerID, ProductName, SubscriptionStartDate, SubscriptionEndDate, NumberOfUsers) VALUES ('CN00000023', 'Product23', '2023-03-11', '2024-03-11', 6);
INSERT INTO SUBSCRIPTION (CustomerID, ProductName, SubscriptionStartDate, SubscriptionEndDate, NumberOfUsers) VALUES ('CN00000024', 'Product24', '2023-04-19', '2024-04-19', 3);
INSERT INTO SUBSCRIPTION (CustomerID, ProductName, SubscriptionStartDate, SubscriptionEndDate, NumberOfUsers) VALUES ('CN00000025', 'Product25', '2023-05-07', '2024-05-07', 11);
INSERT INTO SUBSCRIPTION (CustomerID, ProductName, SubscriptionStartDate, SubscriptionEndDate, NumberOfUsers) VALUES ('CN00000026', 'Product26', '2023-06-23', '2024-06-23', 13);
INSERT INTO SUBSCRIPTION (CustomerID, ProductName, SubscriptionStartDate, SubscriptionEndDate, NumberOfUsers) VALUES ('CN00000027', 'Product27', '2023-07-05', '2024-07-05', 2);
INSERT INTO SUBSCRIPTION (CustomerID, ProductName, SubscriptionStartDate, SubscriptionEndDate, NumberOfUsers) VALUES ('CN00000028', 'Product28', '2023-08-21', '2024-08-21', 7);
INSERT INTO SUBSCRIPTION (CustomerID, ProductName, SubscriptionStartDate, SubscriptionEndDate, NumberOfUsers) VALUES ('CN00000029', 'Product29', '2023-09-14', '2024-09-14', 10);
INSERT INTO SUBSCRIPTION (CustomerID, ProductName, SubscriptionStartDate, SubscriptionEndDate, NumberOfUsers) VALUES ('CN00000030', 'Product30', '2023-10-27', '2024-10-27', 5);
INSERT INTO SUBSCRIPTION (CustomerID, ProductName, SubscriptionStartDate, SubscriptionEndDate, NumberOfUsers) VALUES ('CN00000031', 'Product31', '2023-01-03', '2024-01-03', 8);
INSERT INTO SUBSCRIPTION (CustomerID, ProductName, SubscriptionStartDate, SubscriptionEndDate, NumberOfUsers) VALUES ('CN00000032', 'Product32', '2023-02-07', '2024-02-07', 6);
INSERT INTO SUBSCRIPTION (CustomerID, ProductName, SubscriptionStartDate, SubscriptionEndDate, NumberOfUsers) VALUES ('CN00000033', 'Product33', '2023-03-14', '2024-03-14', 9);
INSERT INTO SUBSCRIPTION (CustomerID, ProductName, SubscriptionStartDate, SubscriptionEndDate, NumberOfUsers) VALUES ('CN00000034', 'Product34', '2023-04-09', '2024-04-09', 14);
INSERT INTO SUBSCRIPTION (CustomerID, ProductName, SubscriptionStartDate, SubscriptionEndDate, NumberOfUsers) VALUES ('CN00000035', 'Product35', '2023-05-16', '2024-05-16', 11);
INSERT INTO SUBSCRIPTION (CustomerID, ProductName, SubscriptionStartDate, SubscriptionEndDate, NumberOfUsers) VALUES ('CN00000036', 'Product36', '2023-06-30', '2024-06-30', 8);
INSERT INTO SUBSCRIPTION (CustomerID, ProductName, SubscriptionStartDate, SubscriptionEndDate, NumberOfUsers) VALUES ('CN00000037', 'Product37', '2023-07-12', '2024-07-12', 12);
INSERT INTO SUBSCRIPTION (CustomerID, ProductName, SubscriptionStartDate, SubscriptionEndDate, NumberOfUsers) VALUES ('CN00000038', 'Product38', '2023-08-04', '2024-08-04', 10);
INSERT INTO SUBSCRIPTION (CustomerID, ProductName, SubscriptionStartDate, SubscriptionEndDate, NumberOfUsers) VALUES ('CN00000039', 'Product39', '2023-09-19', '2024-09-19', 5);
INSERT INTO SUBSCRIPTION (CustomerID, ProductName, SubscriptionStartDate, SubscriptionEndDate, NumberOfUsers) VALUES ('CN00000040', 'Product40', '2023-10-03', '2024-10-03', 7);
INSERT INTO SUBSCRIPTION (CustomerID, ProductName, SubscriptionStartDate, SubscriptionEndDate, NumberOfUsers) VALUES ('CN00000041', 'Product41', '2023-01-13', '2024-01-13', 9);
INSERT INTO SUBSCRIPTION (CustomerID, ProductName, SubscriptionStartDate, SubscriptionEndDate, NumberOfUsers) VALUES ('CN00000042', 'Product42', '2023-02-18', '2024-02-18', 6);
INSERT INTO SUBSCRIPTION (CustomerID, ProductName, SubscriptionStartDate, SubscriptionEndDate, NumberOfUsers) VALUES ('CN00000043', 'Product43', '2023-03-22', '2024-03-22', 8);
INSERT INTO SUBSCRIPTION (CustomerID, ProductName, SubscriptionStartDate, SubscriptionEndDate, NumberOfUsers) VALUES ('CN00000044', 'Product44', '2023-04-16', '2024-04-16', 4);
INSERT INTO SUBSCRIPTION (CustomerID, ProductName, SubscriptionStartDate, SubscriptionEndDate, NumberOfUsers) VALUES ('CN00000045', 'Product45', '2023-05-23', '2024-05-23', 11);
INSERT INTO SUBSCRIPTION (CustomerID, ProductName, SubscriptionStartDate, SubscriptionEndDate, NumberOfUsers) VALUES ('CN00000046', 'Product46', '2023-06-02', '2024-06-02', 7);
INSERT INTO SUBSCRIPTION (CustomerID, ProductName, SubscriptionStartDate, SubscriptionEndDate, NumberOfUsers) VALUES ('CN00000047', 'Product47', '2023-07-17', '2024-07-17', 5);
INSERT INTO SUBSCRIPTION (CustomerID, ProductName, SubscriptionStartDate, SubscriptionEndDate, NumberOfUsers) VALUES ('CN00000048', 'Product48', '2023-08-11', '2024-08-11', 6);
INSERT INTO SUBSCRIPTION (CustomerID, ProductName, SubscriptionStartDate, SubscriptionEndDate, NumberOfUsers) VALUES ('CN00000049', 'Product49', '2023-09-05', '2024-09-05', 9);
INSERT INTO SUBSCRIPTION (CustomerID, ProductName, SubscriptionStartDate, SubscriptionEndDate, NumberOfUsers) VALUES ('CN00000050', 'Product50', '2023-10-28', '2024-10-28', 3);
INSERT INTO SUBSCRIPTION (CustomerID, ProductName, SubscriptionStartDate, SubscriptionEndDate, NumberOfUsers) VALUES ('CN00000051', 'Product51', '2023-01-09', '2024-01-09', 10);
INSERT INTO SUBSCRIPTION (CustomerID, ProductName, SubscriptionStartDate, SubscriptionEndDate, NumberOfUsers) VALUES ('CN00000052', 'Product52', '2023-02-22', '2024-02-22', 4);
INSERT INTO SUBSCRIPTION (CustomerID, ProductName, SubscriptionStartDate, SubscriptionEndDate, NumberOfUsers) VALUES ('CN00000053', 'Product53', '2023-03-05', '2024-03-05', 8);
INSERT INTO SUBSCRIPTION (CustomerID, ProductName, SubscriptionStartDate, SubscriptionEndDate, NumberOfUsers) VALUES ('CN00000054', 'Product54', '2023-04-14', '2024-04-14', 6);
INSERT INTO SUBSCRIPTION (CustomerID, ProductName, SubscriptionStartDate, SubscriptionEndDate, NumberOfUsers) VALUES ('CN00000055', 'Product55', '2023-05-09', '2024-05-09', 3);
INSERT INTO SUBSCRIPTION (CustomerID, ProductName, SubscriptionStartDate, SubscriptionEndDate, NumberOfUsers) VALUES ('CN00000056', 'Product56', '2023-06-20', '2024-06-20', 12);
INSERT INTO SUBSCRIPTION (CustomerID, ProductName, SubscriptionStartDate, SubscriptionEndDate, NumberOfUsers) VALUES ('CN00000057', 'Product57', '2023-07-01', '2024-07-01', 10);
INSERT INTO SUBSCRIPTION (CustomerID, ProductName, SubscriptionStartDate, SubscriptionEndDate, NumberOfUsers) VALUES ('CN00000058', 'Product58', '2023-08-10', '2024-08-10', 11);
INSERT INTO SUBSCRIPTION (CustomerID, ProductName, SubscriptionStartDate, SubscriptionEndDate, NumberOfUsers) VALUES ('CN00000059', 'Product59', '2023-09-21', '2024-09-21', 6);
INSERT INTO SUBSCRIPTION (CustomerID, ProductName, SubscriptionStartDate, SubscriptionEndDate, NumberOfUsers) VALUES ('CN00000060', 'Product60', '2023-10-10', '2024-10-10', 4);
INSERT INTO SUBSCRIPTION (CustomerID, ProductName, SubscriptionStartDate, SubscriptionEndDate, NumberOfUsers) VALUES ('CN00000061', 'Product61', '2023-01-19', '2024-01-19', 7);
INSERT INTO SUBSCRIPTION (CustomerID, ProductName, SubscriptionStartDate, SubscriptionEndDate, NumberOfUsers) VALUES ('CN00000062', 'Product62', '2023-02-09', '2024-02-09', 8);
INSERT INTO SUBSCRIPTION (CustomerID, ProductName, SubscriptionStartDate, SubscriptionEndDate, NumberOfUsers) VALUES ('CN00000063', 'Product63', '2023-03-29', '2024-03-29', 5);
INSERT INTO SUBSCRIPTION (CustomerID, ProductName, SubscriptionStartDate, SubscriptionEndDate, NumberOfUsers) VALUES ('CN00000064', 'Product64', '2023-04-03', '2024-04-03', 9);
INSERT INTO SUBSCRIPTION (CustomerID, ProductName, SubscriptionStartDate, SubscriptionEndDate, NumberOfUsers) VALUES ('CN00000065', 'Product65', '2023-05-06', '2024-05-06', 10);
INSERT INTO SUBSCRIPTION (CustomerID, ProductName, SubscriptionStartDate, SubscriptionEndDate, NumberOfUsers) VALUES ('CN00000066', 'Product66', '2023-06-13', '2024-06-13', 6);
INSERT INTO SUBSCRIPTION (CustomerID, ProductName, SubscriptionStartDate, SubscriptionEndDate, NumberOfUsers) VALUES ('CN00000067', 'Product67', '2023-07-24', '2024-07-24', 4);
INSERT INTO SUBSCRIPTION (CustomerID, ProductName, SubscriptionStartDate, SubscriptionEndDate, NumberOfUsers) VALUES ('CN00000068', 'Product68', '2023-08-15', '2024-08-15', 3);
INSERT INTO SUBSCRIPTION (CustomerID, ProductName, SubscriptionStartDate, SubscriptionEndDate, NumberOfUsers) VALUES ('CN00000069', 'Product69', '2023-09-30', '2024-09-30', 7);
INSERT INTO SUBSCRIPTION (CustomerID, ProductName, SubscriptionStartDate, SubscriptionEndDate, NumberOfUsers) VALUES ('CN00000070', 'Product70', '2023-10-02', '2024-10-02', 9);
INSERT INTO SUBSCRIPTION (CustomerID, ProductName, SubscriptionStartDate, SubscriptionEndDate, NumberOfUsers) VALUES ('CN00000071', 'Product71', '2023-01-11', '2024-01-11', 6);
INSERT INTO SUBSCRIPTION (CustomerID, ProductName, SubscriptionStartDate, SubscriptionEndDate, NumberOfUsers) VALUES ('CN00000072', 'Product72', '2023-02-20', '2024-02-20', 5);
INSERT INTO SUBSCRIPTION (CustomerID, ProductName, SubscriptionStartDate, SubscriptionEndDate, NumberOfUsers) VALUES ('CN00000073', 'Product73', '2023-03-17', '2024-03-17', 8);
INSERT INTO SUBSCRIPTION (CustomerID, ProductName, SubscriptionStartDate, SubscriptionEndDate, NumberOfUsers) VALUES ('CN00000074', 'Product74', '2023-04-24', '2024-04-24', 7);
INSERT INTO SUBSCRIPTION (CustomerID, ProductName, SubscriptionStartDate, SubscriptionEndDate, NumberOfUsers) VALUES ('CN00000075', 'Product75', '2023-05-30', '2024-05-30', 9);
INSERT INTO SUBSCRIPTION (CustomerID, ProductName, SubscriptionStartDate, SubscriptionEndDate, NumberOfUsers) VALUES ('CN00000076', 'Product76', '2023-06-25', '2024-06-25', 4);
INSERT INTO SUBSCRIPTION (CustomerID, ProductName, SubscriptionStartDate, SubscriptionEndDate, NumberOfUsers) VALUES ('CN00000077', 'Product77', '2023-07-06', '2024-07-06', 3);
INSERT INTO SUBSCRIPTION (CustomerID, ProductName, SubscriptionStartDate, SubscriptionEndDate, NumberOfUsers) VALUES ('CN00000078', 'Product78', '2023-08-21', '2024-08-21', 11);
INSERT INTO SUBSCRIPTION (CustomerID, ProductName, SubscriptionStartDate, SubscriptionEndDate, NumberOfUsers) VALUES ('CN00000079', 'Product79', '2023-09-04', '2024-09-04', 10);
INSERT INTO SUBSCRIPTION (CustomerID, ProductName, SubscriptionStartDate, SubscriptionEndDate, NumberOfUsers) VALUES ('CN00000080', 'Product80', '2023-10-11', '2024-10-11', 6);
INSERT INTO SUBSCRIPTION (CustomerID, ProductName, SubscriptionStartDate, SubscriptionEndDate, NumberOfUsers) VALUES ('CN00000081', 'Product81', '2023-01-17', '2024-01-17', 7);
INSERT INTO SUBSCRIPTION (CustomerID, ProductName, SubscriptionStartDate, SubscriptionEndDate, NumberOfUsers) VALUES ('CN00000082', 'Product82', '2023-02-28', '2024-02-28', 5);
INSERT INTO SUBSCRIPTION (CustomerID, ProductName, SubscriptionStartDate, SubscriptionEndDate, NumberOfUsers) VALUES ('CN00000083', 'Product83', '2023-03-12', '2024-03-12', 8);
INSERT INTO SUBSCRIPTION (CustomerID, ProductName, SubscriptionStartDate, SubscriptionEndDate, NumberOfUsers) VALUES ('CN00000084', 'Product84', '2023-04-08', '2024-04-08', 10);
INSERT INTO SUBSCRIPTION (CustomerID, ProductName, SubscriptionStartDate, SubscriptionEndDate, NumberOfUsers) VALUES ('CN00000085', 'Product85', '2023-05-14', '2024-05-14', 6);
INSERT INTO SUBSCRIPTION (CustomerID, ProductName, SubscriptionStartDate, SubscriptionEndDate, NumberOfUsers) VALUES ('CN00000086', 'Product86', '2023-06-07', '2024-06-07', 9);
INSERT INTO SUBSCRIPTION (CustomerID, ProductName, SubscriptionStartDate, SubscriptionEndDate, NumberOfUsers) VALUES ('CN00000087', 'Product87', '2023-07-12', '2024-07-12', 3);
INSERT INTO SUBSCRIPTION (CustomerID, ProductName, SubscriptionStartDate, SubscriptionEndDate, NumberOfUsers) VALUES ('CN00000088', 'Product88', '2023-08-16', '2024-08-16', 7);
INSERT INTO SUBSCRIPTION (CustomerID, ProductName, SubscriptionStartDate, SubscriptionEndDate, NumberOfUsers) VALUES ('CN00000089', 'Product89', '2023-09-22', '2024-09-22', 4);
INSERT INTO SUBSCRIPTION (CustomerID, ProductName, SubscriptionStartDate, SubscriptionEndDate, NumberOfUsers) VALUES ('CN00000090', 'Product90', '2023-10-18', '2024-10-18', 5);
INSERT INTO SUBSCRIPTION (CustomerID, ProductName, SubscriptionStartDate, SubscriptionEndDate, NumberOfUsers) VALUES ('CN00000091', 'Product91', '2023-01-15', '2024-01-15', 10);
INSERT INTO SUBSCRIPTION (CustomerID, ProductName, SubscriptionStartDate, SubscriptionEndDate, NumberOfUsers) VALUES ('CN00000092', 'Product92', '2023-02-05', '2024-02-05', 6);
INSERT INTO SUBSCRIPTION (CustomerID, ProductName, SubscriptionStartDate, SubscriptionEndDate, NumberOfUsers) VALUES ('CN00000093', 'Product93', '2023-03-08', '2024-03-08', 4);
INSERT INTO SUBSCRIPTION (CustomerID, ProductName, SubscriptionStartDate, SubscriptionEndDate, NumberOfUsers) VALUES ('CN00000094', 'Product94', '2023-04-22', '2024-04-22', 8);
INSERT INTO SUBSCRIPTION (CustomerID, ProductName, SubscriptionStartDate, SubscriptionEndDate, NumberOfUsers) VALUES ('CN00000095', 'Product95', '2023-05-25', '2024-05-25', 7);
INSERT INTO SUBSCRIPTION (CustomerID, ProductName, SubscriptionStartDate, SubscriptionEndDate, NumberOfUsers) VALUES ('CN00000096', 'Product96', '2023-06-30', '2024-06-30', 5);
INSERT INTO SUBSCRIPTION (CustomerID, ProductName, SubscriptionStartDate, SubscriptionEndDate, NumberOfUsers) VALUES ('CN00000097', 'Product97', '2023-07-23', '2024-07-23', 6);
INSERT INTO SUBSCRIPTION (CustomerID, ProductName, SubscriptionStartDate, SubscriptionEndDate, NumberOfUsers) VALUES ('CN00000098', 'Product98', '2023-08-19', '2024-08-19', 3);
INSERT INTO SUBSCRIPTION (CustomerID, ProductName, SubscriptionStartDate, SubscriptionEndDate, NumberOfUsers) VALUES ('CN00000099', 'Product99', '2023-09-11', '2024-09-11', 9);
INSERT INTO SUBSCRIPTION (CustomerID, ProductName, SubscriptionStartDate, SubscriptionEndDate, NumberOfUsers) VALUES ('CN00000100', 'Product100', '2023-10-05', '2024-10-05', 7);






